BBB Time,Mav Time,Mav Roll,Mav Pitch,Mav Yaw
01:15:10.628,4717065,0.011441336944699287,-0.06003765016794205,-1.5308648347854614
01:15:10.727,4717165,0.011590436100959778,-0.05974742770195007,-1.5307778120040894
01:15:10.827,4717266,0.011389343068003654,-0.059670887887477875,-1.5306870937347412
01:15:10.926,4717366,0.011382119730114937,-0.05989596247673035,-1.5307680368423462
01:15:11.029,4717468,0.011368224397301674,-0.059802018105983734,-1.5307531356811523
01:15:11.128,4717568,0.011311151087284088,-0.059772007167339325,-1.5306767225265503
01:15:11.225,4717666,0.011268364265561104,-0.059782229363918304,-1.5307822227478027
01:15:11.332,4717768,0.011103011667728424,-0.059813372790813446,-1.5307250022888184
01:15:11.424,4717866,0.011241266503930092,-0.059757158160209656,-1.5307295322418213
01:15:11.524,4717966,0.0112288948148489,-0.060092806816101074,-1.5306732654571533
01:15:11.626,4718068,0.011524615809321404,-0.0612838938832283,-1.5303481817245483
01:15:11.723,4718165,0.0108856912702322,-0.06080291420221329,-1.5309960842132568
01:19:07.305,4954866,0.010779580101370811,-0.06228887289762497,-1.5300195217132568
01:19:07.402,4954964,0.011109406128525734,-0.06240113079547882,-1.5297646522521973
01:19:07.800,4955364,0.01050669513642788,-0.062499016523361206,-1.530687928199768
01:19:07.900,4955464,0.010345028713345528,-0.0621308758854866,-1.5309044122695923
01:19:07.999,4955564,0.010152611881494522,-0.060151927173137665,-1.530552864074707
01:19:08.099,4955664,0.01023775339126587,-0.060421839356422424,-1.5309691429138184
01:19:08.206,4955766,0.010288598015904427,-0.06221859157085419,-1.530883550643921
01:19:08.305,4955864,0.010539691895246506,-0.06192098557949066,-1.5304198265075684
01:19:08.400,4955966,0.010107820853590965,-0.060150183737277985,-1.5309443473815918
01:19:08.496,4956064,0.010215537622570992,-0.06020335853099823,-1.53119957447052
01:19:08.597,4956164,0.010346736758947372,-0.06160951405763626,-1.530429720878601
01:19:08.701,4956269,0.010364102199673653,-0.06153358519077301,-1.5304948091506958
01:19:08.798,4956366,0.010009491816163063,-0.06001681089401245,-1.5310938358306885
01:19:08.897,4956466,0.010281985625624657,-0.06010813266038895,-1.5307217836380005
01:19:08.995,4956564,0.010462209582328796,-0.06145833432674408,-1.5304604768753052
01:19:09.096,4956666,0.010510828346014023,-0.06146051734685898,-1.5308080911636353
01:19:09.201,4956769,0.010384591296315193,-0.060027241706848145,-1.5307897329330444
01:19:09.293,4956864,0.010527726262807846,-0.05989333242177963,-1.5307172536849976
01:19:09.395,4956966,0.010574430227279663,-0.061061352491378784,-1.5308223962783813
01:19:09.492,4957064,0.010683601722121239,-0.061025820672512054,-1.5306551456451416
01:19:09.592,4957164,0.010581936687231064,-0.05978596955537796,-1.530730962753296
01:19:09.691,4957264,0.010429346933960915,-0.0596114918589592,-1.5309951305389404
01:19:09.790,4957364,0.010757796466350555,-0.06067299097776413,-1.5307310819625854
01:19:09.891,4957464,0.010705703869462013,-0.06073345988988876,-1.5305631160736084
01:19:09.990,4957564,0.010655298829078674,-0.05965151637792587,-1.5310393571853638
01:19:10.089,4957664,0.010570645332336426,-0.059468626976013184,-1.5310333967208862
01:19:10.192,4957766,0.010894374921917915,-0.06051432341337204,-1.530701756477356
01:19:10.288,4957864,0.010792098939418793,-0.06059329956769943,-1.5308655500411987
01:19:10.391,4957966,0.010677468031644821,-0.05963369458913803,-1.531008005142212
01:19:10.487,4958064,0.010682035237550735,-0.05942472070455551,-1.5308939218521118
01:19:10.587,4958164,0.010820124298334122,-0.060336776077747345,-1.5308308601379395
01:19:10.689,4958266,0.010866882279515266,-0.060487523674964905,-1.530861735343933
01:19:10.787,4958364,0.010706989094614983,-0.059718623757362366,-1.530853509902954
01:19:10.886,4958464,0.010684521868824959,-0.05959572643041611,-1.5309841632843018
01:19:10.985,4958564,0.01067921333014965,-0.06039981544017792,-1.5308541059494019
01:19:11.085,4958664,0.010665327310562134,-0.06058495491743088,-1.5307059288024902
01:19:11.191,4958766,0.010403281077742577,-0.059853821992874146,-1.530918836593628
01:19:11.284,4958864,0.01039004698395729,-0.059869423508644104,-1.5309542417526245
01:19:11.387,4958966,0.010524652898311615,-0.060749590396881104,-1.5306899547576904
01:19:11.486,4959066,0.010527627542614937,-0.06089793145656586,-1.5307016372680664
01:19:11.583,4959164,0.010434653609991074,-0.06029435992240906,-1.5309340953826904
01:19:11.685,4959264,0.010453611612319946,-0.060280077159404755,-1.5308271646499634
01:19:11.782,4959364,0.010466059669852257,-0.06100519746541977,-1.530714750289917
01:19:11.882,4959464,0.010475486516952515,-0.061047062277793884,-1.5307940244674683
01:19:11.981,4959564,0.010304637253284454,-0.06032752990722656,-1.5307923555374146
01:19:12.083,4959666,0.010231982916593552,-0.060306161642074585,-1.5308542251586914
01:19:12.183,4959764,0.010335057973861694,-0.061004266142845154,-1.530763864517212
01:19:12.280,4959864,0.010332494974136353,-0.06107547879219055,-1.5306700468063354
01:19:12.379,4959964,0.010256664827466011,-0.06049124896526337,-1.5308597087860107
01:19:12.479,4960064,0.010214574635028839,-0.06053856015205383,-1.530894160270691
01:19:12.579,4960164,0.010432986542582512,-0.061127617955207825,-1.5307023525238037
01:19:12.678,4960264,0.010425347834825516,-0.061171188950538635,-1.5307157039642334
01:19:12.778,4960364,0.010416381061077118,-0.06061086803674698,-1.530946969985962
01:19:12.877,4960464,0.010474365204572678,-0.06066283583641052,-1.5308843851089478
01:19:12.980,4960566,0.010615808889269829,-0.061235494911670685,-1.5307807922363281
01:19:13.076,4960664,0.010666005313396454,-0.06122085452079773,-1.5308536291122437
01:19:13.184,4960766,0.010607326403260231,-0.060771919786930084,-1.5308984518051147
01:19:13.278,4960866,0.010664766654372215,-0.0608515664935112,-1.5309081077575684
01:19:13.375,4960964,0.010674919933080673,-0.0612996369600296,-1.530845046043396
01:19:13.475,4961064,0.010749153792858124,-0.06129053235054016,-1.5307855606079102
01:19:13.574,4961164,0.010721052065491676,-0.060780271887779236,-1.5308912992477417
01:19:13.676,4961267,0.010721322149038315,-0.06087012588977814,-1.5308971405029297
01:19:13.774,4961364,0.010799949988722801,-0.0612969845533371,-1.5307501554489136
01:19:13.873,4961464,0.010809067636728287,-0.06130066514015198,-1.5307836532592773
01:19:13.972,4961564,0.010733567178249359,-0.06090729683637619,-1.5308752059936523
01:19:14.075,4961666,0.010766604915261269,-0.06101565062999725,-1.5308235883712769
01:19:14.175,4961766,0.010783988982439041,-0.061372704803943634,-1.530767798423767
01:19:14.271,4961864,0.010802173987030983,-0.0613400861620903,-1.5308411121368408
01:19:14.371,4961964,0.010700620710849762,-0.061024025082588196,-1.5309029817581177
01:19:14.470,4962064,0.010715369135141373,-0.06117040663957596,-1.5309157371520996
01:19:14.570,4962164,0.010693784803152084,-0.061584219336509705,-1.5308637619018555
01:19:14.672,4962266,0.010724581778049469,-0.0615091547369957,-1.530817985534668
01:19:14.769,4962364,0.010674042627215385,-0.06116671860218048,-1.5308483839035034
01:19:14.869,4962464,0.010635098442435265,-0.06127601116895676,-1.530853033065796
01:19:14.968,4962564,0.010709965601563454,-0.06159607321023941,-1.5307514667510986
01:19:15.070,4962666,0.010631849989295006,-0.06149718165397644,-1.5307286977767944
01:19:15.175,4962766,0.010554296895861626,-0.06123396009206772,-1.5308409929275513
01:19:15.268,4962864,0.010558193549513817,-0.06140069663524628,-1.530772089958191
01:19:15.369,4962966,0.010679710656404495,-0.06173206865787506,-1.5307424068450928
01:19:15.466,4963064,0.010683489963412285,-0.0615912526845932,-1.53084397315979
01:19:15.566,4963164,0.010585546493530273,-0.06134233623743057,-1.5309231281280518
01:19:15.668,4963266,0.0106551144272089,-0.061425551772117615,-1.530934453010559
01:19:15.764,4963364,0.01073555275797844,-0.06166825443506241,-1.530924916267395
01:19:15.864,4963464,0.010757608339190483,-0.0614461824297905,-1.5309948921203613
01:19:15.964,4963564,0.010726680979132652,-0.061117976903915405,-1.53107488155365
01:19:16.063,4963664,0.010737458243966103,-0.061175040900707245,-1.5310935974121094
01:19:16.166,4963764,0.010863211005926132,-0.0613890066742897,-1.531057596206665
01:19:16.262,4963864,0.010762076824903488,-0.06114773452281952,-1.5310442447662354
01:19:16.362,4963964,0.01077250950038433,-0.06085599213838577,-1.5310803651809692
01:19:16.461,4964064,0.010812100023031235,-0.06091458350419998,-1.5310711860656738
01:19:16.564,4964166,0.010849915444850922,-0.06107252836227417,-1.531043529510498
01:19:16.661,4964264,0.01085592806339264,-0.0608757808804512,-1.531072974205017
01:19:16.760,4964364,0.01079566590487957,-0.06066334992647171,-1.5310146808624268
01:19:16.859,4964464,0.01084202527999878,-0.06077714264392853,-1.5310323238372803
01:19:16.960,4964564,0.010891085490584373,-0.06090516597032547,-1.5310076475143433
01:19:17.059,4964664,0.010920125991106033,-0.060728780925273895,-1.531020998954773
01:19:17.161,4964764,0.010882534086704254,-0.06074447184801102,-1.5310603380203247
01:19:17.260,4964866,0.010814903303980827,-0.06089753657579422,-1.5310428142547607
01:19:17.357,4964964,0.010809561237692833,-0.061107367277145386,-1.5309703350067139
01:19:17.457,4965064,0.010667558759450912,-0.06100859493017197,-1.5310841798782349
01:19:17.556,4965164,0.010615171864628792,-0.060925208032131195,-1.531152367591858
01:19:17.659,4965266,0.010656913742423058,-0.06113286316394806,-1.5310744047164917
01:19:17.758,4965366,0.010701434686779976,-0.06126369535923004,-1.531112790107727
01:19:17.855,4965464,0.010639967396855354,-0.0611385852098465,-1.5311275720596313
01:19:17.957,4965564,0.010598225519061089,-0.06109229475259781,-1.5310953855514526
01:19:18.054,4965664,0.010567095130681992,-0.06124844402074814,-1.5310600996017456
01:19:18.157,4965766,0.010509178042411804,-0.06132592260837555,-1.5310543775558472
01:19:18.253,4965864,0.010422741994261742,-0.06122536212205887,-1.5311022996902466
01:19:18.353,4965964,0.010365147143602371,-0.06117570400238037,-1.531091570854187
01:19:18.452,4966064,0.010255308821797371,-0.06129996478557587,-1.531084418296814
01:19:18.552,4966164,0.01014564000070095,-0.0614008754491806,-1.5310084819793701
01:19:18.654,4966266,0.010018840432167053,-0.061172664165496826,-1.5310033559799194
01:19:18.751,4966364,0.00991898961365223,-0.06101612746715546,-1.531022071838379
01:19:18.851,4966464,0.009875986725091934,-0.06109704077243805,-1.530981421470642
01:19:18.950,4966564,0.009833956137299538,-0.06112170219421387,-1.5309877395629883
01:19:19.057,4966671,0.009761292487382889,-0.06094369292259216,-1.531037449836731
01:19:19.155,4966766,0.009830353781580925,-0.06091534346342087,-1.5310165882110596
01:19:19.251,4966866,0.009881764650344849,-0.06104978919029236,-1.531029224395752
01:19:19.348,4966964,0.009854674339294434,-0.06096472591161728,-1.5310307741165161
01:19:19.447,4967064,0.009775666519999504,-0.060854412615299225,-1.530938744544983
01:19:19.547,4967164,0.009721918031573296,-0.06082998961210251,-1.5309456586837769
01:19:19.649,4967266,0.009765759110450745,-0.060920484364032745,-1.5308682918548584
01:19:19.746,4967364,0.009698359295725822,-0.06088988482952118,-1.530800700187683
01:19:19.848,4967466,0.009689424186944962,-0.060758076608181,-1.53086519241333
01:19:19.947,4967566,0.00971759669482708,-0.060770586133003235,-1.5308618545532227
01:19:20.047,4967666,0.009691774845123291,-0.06083708256483078,-1.530819058418274
01:19:20.189,4967769,0.00963054969906807,-0.06076236069202423,-1.5308640003204346
01:19:20.278,4967866,0.009527496993541718,-0.0606180876493454,-1.5308417081832886
01:19:20.362,4967966,0.009478617459535599,-0.06064949184656143,-1.5308008193969727
01:19:20.456,4968064,0.009417206048965454,-0.06079525500535965,-1.5307773351669312
01:19:20.541,4968164,0.009447544813156128,-0.06071211397647858,-1.530795931816101
01:19:20.642,4968264,0.009474733844399452,-0.060593098402023315,-1.5307725667953491
01:19:20.741,4968364,0.00949845090508461,-0.06071242690086365,-1.5307761430740356
01:19:20.840,4968464,0.009525828063488007,-0.060835354030132294,-1.530787467956543
01:19:20.942,4968566,0.00947011262178421,-0.06088310480117798,-1.5307620763778687
01:19:21.039,4968664,0.009487684816122055,-0.060800909996032715,-1.5308001041412354
01:19:21.144,4968769,0.009519385173916817,-0.060894012451171875,-1.5307749509811401
01:19:21.241,4968866,0.009574446827173233,-0.06096651405096054,-1.5307315587997437
01:19:21.340,4968966,0.009524734690785408,-0.06100257486104965,-1.5307563543319702
01:19:21.437,4969064,0.009486714377999306,-0.060995399951934814,-1.530755877494812
01:19:21.537,4969164,0.00949963741004467,-0.06114897131919861,-1.53075110912323
01:19:21.639,4969266,0.009480703622102737,-0.06125611066818237,-1.530704140663147
01:19:21.736,4969364,0.009493909776210785,-0.061193495988845825,-1.5307847261428833
01:19:21.835,4969464,0.00953020341694355,-0.061210714280605316,-1.5308053493499756
01:19:21.935,4969564,0.009573198854923248,-0.06131404638290405,-1.5308032035827637
01:19:22.037,4969666,0.009648602455854416,-0.06135972589254379,-1.5308890342712402
01:19:22.137,4969764,0.009703515097498894,-0.06136345863342285,-1.5308889150619507
01:19:22.233,4969864,0.00981060042977333,-0.061418987810611725,-1.5309362411499023
01:19:22.333,4969964,0.00992947444319725,-0.06153775006532669,-1.5309067964553833
01:19:22.435,4970066,0.01005537249147892,-0.06153262406587601,-1.5309866666793823
01:19:22.532,4970164,0.010101297870278358,-0.061479292809963226,-1.5310676097869873
01:19:22.631,4970264,0.010191736742854118,-0.0614473894238472,-1.5310297012329102
01:19:22.734,4970366,0.010238584131002426,-0.0614735409617424,-1.5309711694717407
01:19:22.830,4970464,0.010197089985013008,-0.06144241988658905,-1.5310084819793701
01:19:22.930,4970564,0.010252580046653748,-0.061386048793792725,-1.5310819149017334
01:19:23.029,4970664,0.010299703106284142,-0.06144382059574127,-1.5310921669006348
01:19:23.135,4970766,0.010362422093749046,-0.06148878484964371,-1.5311241149902344
01:19:23.231,4970864,0.01032881811261177,-0.06150083243846893,-1.531161904335022
01:19:23.328,4970964,0.01039787195622921,-0.0614609569311142,-1.5311365127563477
01:19:23.427,4971064,0.010351041331887245,-0.061502762138843536,-1.531141757965088
01:19:23.527,4971164,0.010393533855676651,-0.06153144687414169,-1.5311540365219116
01:19:23.627,4971264,0.010340556502342224,-0.061498574912548065,-1.531139850616455
01:19:23.726,4971364,0.010366663336753845,-0.06142532825469971,-1.5311740636825562
01:19:23.826,4971464,0.010398121550679207,-0.06143230199813843,-1.5312532186508179
01:19:23.925,4971564,0.010513301938772202,-0.061441101133823395,-1.531251072883606
01:19:24.024,4971664,0.01052049733698368,-0.061381399631500244,-1.5312824249267578
01:19:24.130,4971766,0.010459616780281067,-0.06131753325462341,-1.5313725471496582
01:19:24.226,4971864,0.010420452803373337,-0.06132469326257706,-1.5313262939453125
01:19:24.329,4971969,0.010398810729384422,-0.061325803399086,-1.5313502550125122
01:19:24.425,4972066,0.010309847071766853,-0.0612979382276535,-1.5313843488693237
01:19:24.522,4972164,0.010246414691209793,-0.061276309192180634,-1.5313811302185059
01:19:24.622,4972264,0.010211490094661713,-0.06131822615861893,-1.5313853025436401
01:19:24.724,4972366,0.01022280752658844,-0.06126198172569275,-1.5314326286315918
01:19:24.823,4972466,0.010179201140999794,-0.06118447333574295,-1.5314708948135376
01:19:24.923,4972566,0.010224586352705956,-0.061114102602005005,-1.531445860862732
01:19:25.020,4972664,0.010205436497926712,-0.06108681857585907,-1.5314754247665405
01:19:25.122,4972766,0.010182922706007957,-0.06108773499727249,-1.531477928161621
01:19:25.219,4972864,0.010153986513614655,-0.06102432310581207,-1.5315300226211548
01:19:25.321,4972967,0.010178802534937859,-0.06095699965953827,-1.531556248664856
01:19:25.418,4973064,0.010235244408249855,-0.06090134382247925,-1.531570553779602
01:19:25.517,4973164,0.010318657383322716,-0.06092678755521774,-1.5315889120101929
01:19:25.617,4973264,0.010319998487830162,-0.06086735427379608,-1.5316237211227417
01:19:25.716,4973364,0.010386204347014427,-0.060914866626262665,-1.5316356420516968
01:19:25.816,4973464,0.010410306975245476,-0.06089164316654205,-1.5315971374511719
01:19:25.915,4973564,0.010420974344015121,-0.060896582901477814,-1.5316197872161865
01:19:26.015,4973664,0.010391538962721825,-0.0608106404542923,-1.5316022634506226
01:19:26.120,4973766,0.010464029386639595,-0.06078024208545685,-1.5316072702407837
01:19:26.214,4973864,0.010395068675279617,-0.0607910081744194,-1.5316129922866821
01:19:26.314,4973964,0.01039024256169796,-0.06075620651245117,-1.5316016674041748
01:19:26.415,4974066,0.01039036363363266,-0.06075045466423035,-1.5316206216812134
01:19:26.512,4974164,0.010396871715784073,-0.06069821119308472,-1.5316433906555176
01:19:26.612,4974264,0.010461332276463509,-0.06068199872970581,-1.5316673517227173
01:19:26.711,4974364,0.010478062555193901,-0.060640476644039154,-1.531684398651123
01:19:26.813,4974466,0.01049044355750084,-0.06059061735868454,-1.5317208766937256
01:19:26.910,4974564,0.010467089712619781,-0.060513824224472046,-1.5316376686096191
01:19:27.013,4974666,0.010473793372511864,-0.06054385006427765,-1.5316786766052246
01:19:27.115,4974769,0.010514959692955017,-0.0604807585477829,-1.5317251682281494
01:19:27.209,4974864,0.010450879111886024,-0.06045147776603699,-1.5317124128341675
01:19:27.308,4974964,0.010441439226269722,-0.06043848395347595,-1.5317246913909912
01:19:27.408,4975064,0.010412955656647682,-0.06046886742115021,-1.5317323207855225
01:19:27.510,4975166,0.0104502122849226,-0.06049993634223938,-1.5317000150680542
01:19:27.607,4975264,0.010409671813249588,-0.06057174503803253,-1.5317373275756836
01:19:27.707,4975364,0.010352743789553642,-0.06064072251319885,-1.5317469835281372
01:19:27.807,4975464,0.010331491008400917,-0.06073027104139328,-1.5316746234893799
01:19:27.906,4975564,0.010357916355133057,-0.06087508052587509,-1.531679391860962
01:19:28.008,4975666,0.010442623868584633,-0.060850635170936584,-1.5317199230194092
01:19:28.110,4975769,0.010437143966555595,-0.0608571395277977,-1.5317007303237915
01:19:28.205,4975864,0.010542729869484901,-0.06084885448217392,-1.531783103942871
01:19:28.305,4975964,0.010634886100888252,-0.06092695891857147,-1.5318076610565186
01:19:28.404,4976065,0.01067347452044487,-0.060911424458026886,-1.5317513942718506
01:19:28.504,4976164,0.010698731988668442,-0.06090211868286133,-1.53179931640625
01:19:28.603,4976264,0.010681094601750374,-0.06097467243671417,-1.5317813158035278
01:19:28.705,4976365,0.010641917586326599,-0.061013445258140564,-1.5317625999450684
01:19:28.802,4976464,0.010542463511228561,-0.06097172945737839,-1.5317838191986084
01:19:28.902,4976564,0.010514611378312111,-0.06090325862169266,-1.5318317413330078
01:19:29.002,4976664,0.010478246957063675,-0.060899168252944946,-1.5317243337631226
01:19:29.110,4976769,0.010357823222875595,-0.06085953861474991,-1.5317453145980835
01:19:29.209,4976864,0.010367188602685928,-0.06074811518192291,-1.531793475151062
01:19:29.300,4976964,0.010295521467924118,-0.06068053096532822,-1.5317683219909668
01:19:29.400,4977064,0.010319080203771591,-0.06065253168344498,-1.5317754745483398
01:19:29.499,4977164,0.010135918855667114,-0.060640931129455566,-1.5317901372909546
01:19:29.599,4977264,0.01013031043112278,-0.060593098402023315,-1.5317484140396118
01:19:29.698,4977364,0.010086581110954285,-0.060597144067287445,-1.5317319631576538
01:19:29.798,4977464,0.010031109675765038,-0.06050342321395874,-1.5317013263702393
01:19:29.897,4977564,0.010037664324045181,-0.06042129546403885,-1.531677484512329
01:19:29.997,4977664,0.009955981746315956,-0.06036771833896637,-1.5316894054412842
01:19:30.100,4977764,0.009950336068868637,-0.060315169394016266,-1.5317696332931519
01:19:30.209,4977865,0.009915454313158989,-0.06029651314020157,-1.531705379486084
01:19:30.298,4977965,0.009935015812516212,-0.06032208353281021,-1.5317625999450684
01:19:30.395,4978065,0.009988358244299889,-0.06032446026802063,-1.5317199230194092
01:19:30.495,4978165,0.010012596845626831,-0.06031233072280884,-1.5316601991653442
01:19:30.594,4978265,0.010046839714050293,-0.06040322035551071,-1.5317015647888184
01:19:30.698,4978370,0.010054323822259903,-0.060410067439079285,-1.5316723585128784
01:19:30.793,4978465,0.010112347081303596,-0.06045464426279068,-1.5316826105117798
01:19:30.892,4978565,0.010104229673743248,-0.06057407706975937,-1.5316824913024902
01:19:30.992,4978665,0.010138818994164467,-0.0606355220079422,-1.531738519668579
01:19:31.095,4978765,0.010197300463914871,-0.06064353138208389,-1.5317076444625854
01:19:31.192,4978865,0.010147737339138985,-0.06059037894010544,-1.5317620038986206
01:19:31.290,4978965,0.010227153077721596,-0.06060878187417984,-1.5317931175231934
01:19:31.390,4979065,0.010268697515130043,-0.06060925871133804,-1.531731367111206
01:19:31.489,4979165,0.010432688519358635,-0.060503482818603516,-1.5317996740341187
01:19:31.589,4979265,0.010505441576242447,-0.06049796938896179,-1.5317811965942383
01:19:31.688,4979365,0.010641109198331833,-0.06039419025182724,-1.5317691564559937
01:19:31.788,4979465,0.010689446702599525,-0.060349248349666595,-1.5317898988723755
01:19:31.887,4979565,0.010636448860168457,-0.060294389724731445,-1.5317977666854858
01:19:31.987,4979665,0.01070045493543148,-0.06025361269712448,-1.5318331718444824
01:19:32.089,4979765,0.010671144351363182,-0.06025956571102142,-1.531800627708435
01:19:32.194,4979865,0.010707158595323563,-0.0602567195892334,-1.5318100452423096
01:19:32.286,4979965,0.010732384398579597,-0.06019528955221176,-1.5317296981811523
01:19:32.385,4980065,0.010727748274803162,-0.0601692795753479,-1.5317437648773193
01:19:32.484,4980165,0.010774519294500351,-0.060219332575798035,-1.5316771268844604
01:19:32.584,4980265,0.010832784697413445,-0.06025398522615433,-1.5316206216812134
01:19:32.683,4980365,0.010840857401490211,-0.06021254509687424,-1.531601905822754
01:19:32.783,4980465,0.010940048843622208,-0.06024681776762009,-1.5315991640090942
01:19:32.885,4980567,0.011062504723668098,-0.06031026691198349,-1.5315704345703125
01:19:32.982,4980665,0.01114892028272152,-0.060288697481155396,-1.531571388244629
01:19:33.084,4980765,0.011213451623916626,-0.06021954119205475,-1.5315746068954468
01:19:33.181,4980865,0.011276951059699059,-0.06019730120897293,-1.531571388244629
01:19:33.280,4980965,0.011311877518892288,-0.060200825333595276,-1.5315864086151123
01:19:33.384,4981065,0.01123441569507122,-0.06019589304924011,-1.5315555334091187
01:19:33.482,4981167,0.01111689954996109,-0.06013946235179901,-1.531489610671997
01:19:33.579,4981265,0.011044139042496681,-0.060097917914390564,-1.5315362215042114
01:19:33.678,4981365,0.01094764657318592,-0.0601385161280632,-1.5315054655075073
01:19:33.778,4981465,0.010843254625797272,-0.06007825583219528,-1.5314908027648926
01:19:33.877,4981565,0.010783351957798004,-0.06006409972906113,-1.5314934253692627
01:19:33.977,4981665,0.010662321001291275,-0.06004413962364197,-1.5315135717391968
01:19:34.079,4981765,0.010614708065986633,-0.06005166471004486,-1.531489372253418
01:19:34.184,4981865,0.010567499324679375,-0.06006625294685364,-1.5314892530441284
01:19:34.275,4981965,0.010522952303290367,-0.06004966050386429,-1.5315080881118774
01:19:34.374,4982065,0.010539757087826729,-0.060007497668266296,-1.5314812660217285
01:19:34.477,4982167,0.010519057512283325,-0.059909068048000336,-1.5315443277359009
01:19:34.576,4982265,0.010512564331293106,-0.059811510145664215,-1.531552791595459
01:19:34.674,4982365,0.01043797843158245,-0.05979916453361511,-1.5315742492675781
01:19:34.772,4982465,0.010379239916801453,-0.059757985174655914,-1.5315595865249634
01:19:34.872,4982565,0.010269828140735626,-0.05973340570926666,-1.531543493270874
01:19:34.972,4982665,0.010182728990912437,-0.059646062552928925,-1.5315474271774292
01:19:35.079,4982767,0.01010909490287304,-0.05961205065250397,-1.5315451622009277
01:19:35.183,4982865,0.010066010057926178,-0.059572428464889526,-1.531544804573059
01:19:35.273,4982967,0.01005961187183857,-0.05956176668405533,-1.531539797782898
01:19:35.372,4983065,0.010008502751588821,-0.05951273441314697,-1.5315382480621338
01:19:35.469,4983165,0.010015498846769333,-0.059540845453739166,-1.5315656661987305
01:19:35.569,4983265,0.009954370558261871,-0.05961181968450546,-1.5315438508987427
01:19:35.671,4983365,0.009921738877892494,-0.05954618752002716,-1.5315628051757812
01:19:35.768,4983465,0.009901857003569603,-0.05961924046278,-1.5315759181976318
01:19:35.868,4983565,0.009915791451931,-0.05968958139419556,-1.5315883159637451
01:19:35.967,4983665,0.009958704933524132,-0.0597434937953949,-1.531615138053894
01:19:36.069,4983765,0.00993521697819233,-0.05976115167140961,-1.531606912612915
01:19:36.168,4983867,0.009946374222636223,-0.05984277278184891,-1.5316435098648071
01:19:36.265,4983965,0.0099925696849823,-0.05999106168746948,-1.5316355228424072
01:19:36.365,4984065,0.01002328097820282,-0.06010650098323822,-1.5315959453582764
01:19:36.467,4984167,0.009954502806067467,-0.06017798185348511,-1.5316747426986694
01:19:36.564,4984265,0.009992282837629318,-0.06024891138076782,-1.5316861867904663
01:19:36.666,4984367,0.009995594620704651,-0.06042792648077011,-1.531656265258789
01:19:36.766,4984465,0.01001853495836258,-0.0605204775929451,-1.5316938161849976
01:19:36.867,4984570,0.010071216151118279,-0.06061052531003952,-1.5317270755767822
01:19:36.962,4984665,0.0100869070738554,-0.06071215867996216,-1.5317392349243164
01:19:37.070,4984767,0.01010519452393055,-0.060846149921417236,-1.531719446182251
01:19:37.164,4984865,0.01007758267223835,-0.06092074513435364,-1.5317293405532837
01:19:37.260,4984965,0.010112468153238297,-0.06091254949569702,-1.5317288637161255
01:19:37.360,4985065,0.010122973471879959,-0.060887083411216736,-1.531787633895874
01:19:37.459,4985165,0.010133074596524239,-0.060913994908332825,-1.531780481338501
01:19:37.559,4985265,0.010217417031526566,-0.06093303859233856,-1.5317474603652954
01:19:37.659,4985365,0.01026720367372036,-0.060927487909793854,-1.5317366123199463
01:19:37.758,4985465,0.010317619889974594,-0.06095263361930847,-1.531749963760376
01:19:37.860,4985568,0.010273447260260582,-0.06105180084705353,-1.5316828489303589
01:19:37.957,4985665,0.010304383933544159,-0.061100877821445465,-1.531670331954956
01:19:38.065,4985767,0.01026083156466484,-0.06110565364360809,-1.5316991806030273
01:19:38.164,4985865,0.010289747267961502,-0.061197429895401,-1.5316962003707886
01:19:38.255,4985965,0.010349960997700691,-0.06123016029596329,-1.531718373298645
01:19:38.355,4986065,0.010344045236706734,-0.061251915991306305,-1.5317697525024414
01:19:38.454,4986165,0.010300355032086372,-0.061251938343048096,-1.5317659378051758
01:19:38.554,4986265,0.010317310690879822,-0.06122107058763504,-1.531794548034668
01:19:38.653,4986365,0.01041492074728012,-0.06124717742204666,-1.5318223237991333
01:19:38.753,4986465,0.010432776063680649,-0.06124024838209152,-1.5318313837051392
01:19:38.853,4986565,0.01048840582370758,-0.06121392548084259,-1.5318249464035034
01:19:38.952,4986665,0.010575549677014351,-0.06120244413614273,-1.5318353176116943
01:19:39.055,4986765,0.010691378265619278,-0.061177171766757965,-1.5318118333816528
01:19:39.151,4986865,0.010792747139930725,-0.06120532006025314,-1.5317994356155396
01:19:39.251,4986965,0.01085381954908371,-0.061145439743995667,-1.5317808389663696
01:19:39.351,4987065,0.010859910398721695,-0.06111122667789459,-1.5317952632904053
01:19:39.450,4987165,0.010875226929783821,-0.061126284301280975,-1.5317670106887817
01:19:39.550,4987265,0.010965712368488312,-0.06108733266592026,-1.531746745109558
01:19:39.649,4987365,0.01105797290802002,-0.06101030856370926,-1.5317898988723755
01:19:39.749,4987465,0.01103239320218563,-0.060907669365406036,-1.5317589044570923
01:19:39.848,4987565,0.011053364723920822,-0.060837067663669586,-1.531736135482788
01:19:39.948,4987665,0.011006943881511688,-0.060753561556339264,-1.5317881107330322
01:19:40.051,4987765,0.010997148230671883,-0.06071120500564575,-1.5317556858062744
01:19:40.147,4987865,0.01099410280585289,-0.060683250427246094,-1.5317519903182983
01:19:40.247,4987965,0.011045925319194794,-0.06064821034669876,-1.5318326950073242
01:19:40.347,4988065,0.011075600981712341,-0.06063177436590195,-1.531886100769043
01:19:40.446,4988165,0.011126628145575523,-0.06058049947023392,-1.5318775177001953
01:19:40.546,4988265,0.011123277246952057,-0.06049012392759323,-1.531906008720398
01:19:40.646,4988365,0.011173957958817482,-0.06043573468923569,-1.5318318605422974
01:19:40.745,4988465,0.01120261661708355,-0.0603826642036438,-1.5317696332931519
01:19:40.844,4988565,0.011259455233812332,-0.060371607542037964,-1.531761884689331
01:19:40.944,4988665,0.011275438591837883,-0.060438163578510284,-1.5317543745040894
01:19:41.047,4988765,0.011308880522847176,-0.06043003499507904,-1.5317432880401611
01:19:41.143,4988865,0.011275304481387138,-0.06047746539115906,-1.5318106412887573
01:19:41.243,4988965,0.011240832507610321,-0.06038358062505722,-1.531830906867981
01:19:41.342,4989065,0.0111303199082613,-0.060362718999385834,-1.531812310218811
01:19:41.442,4989165,0.010979173704981804,-0.06036742031574249,-1.531863808631897
01:19:41.541,4989265,0.010881608352065086,-0.06033535301685333,-1.5318516492843628
01:19:41.641,4989365,0.010812811553478241,-0.06033559888601303,-1.531806468963623
01:19:41.741,4989465,0.010812966153025627,-0.06033143401145935,-1.5318180322647095
01:19:41.840,4989565,0.010823428630828857,-0.060374997556209564,-1.5317986011505127
01:19:41.939,4989665,0.010840261355042458,-0.06033669412136078,-1.5318045616149902
01:19:42.043,4989765,0.010886190459132195,-0.0603160634636879,-1.5317965745925903
01:19:42.139,4989865,0.010946676135063171,-0.06034054607152939,-1.5317294597625732
01:19:42.238,4989965,0.01102583110332489,-0.06032399833202362,-1.5316873788833618
01:19:42.338,4990065,0.011133790016174316,-0.060296736657619476,-1.5317435264587402
01:19:42.437,4990165,0.011175243183970451,-0.060340434312820435,-1.5317226648330688
01:19:42.537,4990265,0.011185305193066597,-0.06034336984157562,-1.531676173210144
01:19:42.637,4990365,0.011153778061270714,-0.06035054475069046,-1.5317012071609497
01:19:42.736,4990465,0.011217975988984108,-0.06034938991069794,-1.531676173210144
01:19:42.836,4990565,0.011229587718844414,-0.060356177389621735,-1.5316698551177979
01:19:42.936,4990665,0.011244727298617363,-0.060400381684303284,-1.5316345691680908
01:19:43.040,4990765,0.011249059811234474,-0.06040462106466293,-1.5316097736358643
01:19:43.135,4990865,0.011245697736740112,-0.06041350215673447,-1.5315805673599243
01:19:43.234,4990965,0.011266250163316727,-0.060377337038517,-1.531537652015686
01:19:43.338,4991065,0.011250240728259087,-0.06036326289176941,-1.5315178632736206
01:19:43.433,4991165,0.011227825656533241,-0.060326479375362396,-1.5315176248550415
01:19:43.533,4991265,0.01121177151799202,-0.06036271154880524,-1.5315746068954468
01:19:43.633,4991365,0.011200150474905968,-0.060436710715293884,-1.5315372943878174
01:19:43.732,4991465,0.011147575452923775,-0.06042909622192383,-1.5314335823059082
01:19:43.832,4991565,0.011032823473215103,-0.060449279844760895,-1.5314408540725708
01:19:43.933,4991665,0.011009208858013153,-0.0604313462972641,-1.5314061641693115
01:19:44.034,4991767,0.01099541038274765,-0.060499370098114014,-1.5313974618911743
01:19:44.130,4991865,0.010945295915007591,-0.06051752716302872,-1.5313990116119385
01:19:44.229,4991965,0.01088947057723999,-0.060535550117492676,-1.5314067602157593
01:19:44.329,4992065,0.010839803144335747,-0.06059907376766205,-1.5314010381698608
01:19:44.429,4992165,0.010782798752188683,-0.0605972483754158,-1.531435251235962
01:19:44.531,4992267,0.010683929547667503,-0.06060855835676193,-1.5313612222671509
01:19:44.628,4992365,0.010599255561828613,-0.06060628592967987,-1.531306505203247
01:19:44.727,4992465,0.010514207184314728,-0.060625024139881134,-1.5313409566879272
01:19:44.827,4992565,0.01042422465980053,-0.060660652816295624,-1.5312985181808472
01:19:44.927,4992665,0.010360535234212875,-0.06067206710577011,-1.5312687158584595
01:19:45.029,4992765,0.010346543043851852,-0.060739971697330475,-1.5312726497650146
01:19:45.130,4992865,0.010307490825653076,-0.06087144464254379,-1.5312780141830444
01:19:45.225,4992965,0.010291526094079018,-0.0609535351395607,-1.5312294960021973
01:19:45.325,4993065,0.010271508246660233,-0.0609879195690155,-1.5312641859054565
01:19:45.424,4993165,0.01027117483317852,-0.0610986053943634,-1.5312507152557373
01:19:45.526,4993267,0.010293249040842056,-0.06116314232349396,-1.5311825275421143
01:19:45.624,4993365,0.010233404114842415,-0.06125254184007645,-1.5311529636383057
01:19:45.723,4993465,0.01023905724287033,-0.061309926211833954,-1.5311496257781982
01:19:45.822,4993565,0.010235806927084923,-0.061368949711322784,-1.5311435461044312
01:19:45.922,4993665,0.01026160828769207,-0.06142010539770126,-1.5312156677246094
01:19:46.030,4993767,0.010326841846108437,-0.06146106868982315,-1.5312318801879883
01:19:46.122,4993865,0.010283185169100761,-0.06148693710565567,-1.5312230587005615
01:19:46.221,4993965,0.01021508313715458,-0.06149040907621384,-1.531273603439331
01:19:46.320,4994065,0.010187288746237755,-0.06144091486930847,-1.531284213066101
01:19:46.420,4994165,0.010135481134057045,-0.06138388067483902,-1.531264066696167
01:19:46.519,4994265,0.010025616735219955,-0.06134946644306183,-1.5313069820404053
01:19:46.619,4994365,0.00995652750134468,-0.06132345646619797,-1.5313031673431396
01:19:46.718,4994465,0.009932661429047585,-0.0613466277718544,-1.531291127204895
01:19:46.823,4994570,0.009845977649092674,-0.06141199916601181,-1.5313128232955933
01:19:46.917,4994665,0.009881721809506416,-0.061472177505493164,-1.5313109159469604
01:19:47.020,4994765,0.009949099272489548,-0.06154448539018631,-1.5313178300857544
01:19:47.117,4994865,0.009985066950321198,-0.06163428723812103,-1.5313280820846558
01:19:47.217,4994965,0.010079802945256233,-0.06162146478891373,-1.5313143730163574
01:19:47.315,4995065,0.010157549753785133,-0.06162825971841812,-1.5313665866851807
01:19:47.415,4995165,0.010257067158818245,-0.06159712374210358,-1.5313761234283447
01:19:47.515,4995265,0.010319363325834274,-0.06149987876415253,-1.5313522815704346
01:19:47.615,4995365,0.010389788076281548,-0.06145577132701874,-1.5313560962677002
01:19:47.714,4995465,0.010407323017716408,-0.061379045248031616,-1.5314035415649414
01:19:47.813,4995565,0.010444192215800285,-0.06138818711042404,-1.5313949584960938
01:19:47.913,4995665,0.010424071922898293,-0.06137751042842865,-1.5313916206359863
01:19:48.016,4995765,0.010375861078500748,-0.06139087677001953,-1.5314148664474487
01:19:48.112,4995865,0.01033368892967701,-0.06136227399110794,-1.5314148664474487
01:19:48.212,4995965,0.010350503027439117,-0.06134379655122757,-1.5313607454299927
01:19:48.312,4996065,0.010386144742369652,-0.06137542426586151,-1.5313842296600342
01:19:48.411,4996165,0.01037873700261116,-0.061348967254161835,-1.531389832496643
01:19:48.513,4996267,0.010377621278166771,-0.06131689250469208,-1.5314130783081055
01:19:48.610,4996365,0.010372797027230263,-0.0612858384847641,-1.5313624143600464
01:19:48.710,4996465,0.01040242426097393,-0.06127399951219559,-1.5313578844070435
01:19:48.809,4996565,0.010403666645288467,-0.061273254454135895,-1.5313602685928345
01:19:48.909,4996665,0.010408561676740646,-0.06128733605146408,-1.5313208103179932
01:19:49.011,4996765,0.010341739282011986,-0.061328284442424774,-1.5313016176223755
01:19:49.108,4996865,0.01030430756509304,-0.061387911438941956,-1.5313111543655396
01:19:49.207,4996965,0.010317362844944,-0.061459511518478394,-1.531276822090149
01:19:49.307,4997065,0.010344106703996658,-0.06154602766036987,-1.531366229057312
01:19:49.407,4997165,0.010431546717882156,-0.061602942645549774,-1.5313341617584229
01:19:49.514,4997273,0.010516265407204628,-0.061673812568187714,-1.5314000844955444
01:19:49.606,4997365,0.01060953177511692,-0.06178232282400131,-1.5314480066299438
01:19:49.705,4997465,0.010698037222027779,-0.061935074627399445,-1.5314644575119019
01:19:49.805,4997565,0.010807422921061516,-0.062021173536777496,-1.531532645225525
01:19:49.904,4997665,0.010860055685043335,-0.06208379566669464,-1.5315498113632202
01:19:50.047,4997765,0.010887254029512405,-0.062107644975185394,-1.5315794944763184
01:19:50.131,4997865,0.010950921103358269,-0.062050215899944305,-1.5315907001495361
01:19:50.211,4997966,0.010983601212501526,-0.062009572982788086,-1.5316004753112793
01:19:50.301,4998064,0.0109872967004776,-0.06198529154062271,-1.5316184759140015
01:19:50.403,4998166,0.01100604236125946,-0.06192828714847565,-1.531610369682312
01:19:50.502,4998265,0.010997215285897255,-0.061933644115924835,-1.5315746068954468
01:19:50.602,4998366,0.011003993451595306,-0.06194097548723221,-1.5315780639648438
01:19:50.701,4998465,0.011051129549741745,-0.06204108148813248,-1.5316226482391357
01:19:50.803,4998568,0.011148098856210709,-0.062067173421382904,-1.5316780805587769
01:19:50.900,4998665,0.011194337159395218,-0.06212296336889267,-1.5316370725631714
01:19:51.003,4998765,0.011153645813465118,-0.062194958329200745,-1.531685709953308
01:19:51.105,4998866,0.011119339615106583,-0.06224215030670166,-1.5317379236221313
01:19:51.199,4998965,0.011116841807961464,-0.06230234354734421,-1.531695008277893
01:19:51.298,4999065,0.011087514460086823,-0.062372781336307526,-1.5316928625106812
01:19:51.401,4999168,0.011016620323061943,-0.06234222650527954,-1.5317225456237793
01:19:51.498,4999266,0.010973045602440834,-0.06232501566410065,-1.531677007675171
01:19:51.597,4999366,0.010959263890981674,-0.062368325889110565,-1.5316998958587646
01:19:51.697,4999465,0.010958816856145859,-0.06242915242910385,-1.5316848754882812
01:19:51.796,4999565,0.010926095768809319,-0.06244572997093201,-1.5316523313522339
01:19:51.896,4999665,0.010973911732435226,-0.06244570016860962,-1.5316773653030396
01:19:52.003,4999768,0.010943887755274773,-0.06248471140861511,-1.5317604541778564
01:19:52.095,4999866,0.010937370359897614,-0.06250978261232376,-1.5317461490631104
01:19:52.194,4999966,0.01092594489455223,-0.06245558708906174,-1.5317496061325073
01:19:52.292,5000064,0.010856889188289642,-0.0624859482049942,-1.531807780265808
01:19:52.392,5000164,0.010900409892201424,-0.062409237027168274,-1.5317435264587402
01:19:52.491,5000264,0.010866202414035797,-0.06238166242837906,-1.5317249298095703
01:19:52.593,5000366,0.010899282991886139,-0.06230170279741287,-1.531754970550537
01:19:52.691,5000464,0.010922489687800407,-0.06231024116277695,-1.5317659378051758
01:19:52.792,5000566,0.010943889617919922,-0.06236033886671066,-1.5318032503128052
01:19:52.889,5000664,0.010936420410871506,-0.06239496171474457,-1.5318286418914795
01:19:52.994,5000764,0.010931434109807014,-0.062361299991607666,-1.5317991971969604
01:19:53.091,5000864,0.010998222976922989,-0.06240256875753403,-1.5317573547363281
01:19:53.189,5000964,0.011023351922631264,-0.06242865324020386,-1.5318466424942017
01:19:53.295,5001066,0.011145969852805138,-0.062395140528678894,-1.5318740606307983
01:19:53.387,5001164,0.011167939752340317,-0.06238459050655365,-1.5318784713745117
01:19:53.487,5001264,0.011198243126273155,-0.06240613013505936,-1.5319777727127075
01:19:53.587,5001364,0.011242406442761421,-0.06241843104362488,-1.531977653503418
01:19:53.686,5001464,0.011230377480387688,-0.06237681955099106,-1.5319633483886719
01:19:53.785,5001564,0.01128895953297615,-0.06224774569272995,-1.5320128202438354
01:19:53.886,5001664,0.011331461369991302,-0.06219896674156189,-1.5319899320602417
01:19:53.988,5001764,0.0113949254155159,-0.06209211051464081,-1.5320329666137695
01:19:54.087,5001866,0.011358154937624931,-0.062019504606723785,-1.5320854187011719
01:19:54.186,5001966,0.011373700574040413,-0.061959102749824524,-1.5320568084716797
01:19:54.283,5002064,0.011381318792700768,-0.0619475319981575,-1.5320318937301636
01:19:54.383,5002164,0.01134517788887024,-0.061888061463832855,-1.5320401191711426
01:19:54.485,5002264,0.011364150792360306,-0.061828650534152985,-1.5319759845733643
01:19:54.587,5002369,0.011318596079945564,-0.06179890036582947,-1.5319052934646606
01:19:54.681,5002464,0.011293336749076843,-0.06179744750261307,-1.5319279432296753
01:19:54.784,5002566,0.011291896924376488,-0.0618462935090065,-1.5318646430969238
01:19:54.881,5002664,0.01127711869776249,-0.06184513121843338,-1.5318301916122437
01:19:54.983,5002764,0.011221829801797867,-0.0618257001042366,-1.5318825244903564
01:19:55.082,5002866,0.011197786778211594,-0.061808206140995026,-1.531757116317749
01:19:55.182,5002966,0.011190041899681091,-0.06189937889575958,-1.5317835807800293
01:19:55.279,5003064,0.011120747774839401,-0.06190582364797592,-1.5318009853363037
01:19:55.378,5003164,0.011108772829174995,-0.06195654720067978,-1.531813144683838
01:19:55.478,5003264,0.011128861457109451,-0.06201896816492081,-1.531840205192566
01:19:55.578,5003364,0.011106057092547417,-0.062067121267318726,-1.531821370124817
01:19:55.680,5003466,0.011059470474720001,-0.06211730092763901,-1.5318440198898315
01:19:55.777,5003564,0.010954704135656357,-0.06213404983282089,-1.531867504119873
01:19:55.876,5003664,0.010943043977022171,-0.06215071678161621,-1.5319828987121582
01:19:55.984,5003769,0.01089446060359478,-0.06214084476232529,-1.5319641828536987
01:19:56.076,5003864,0.01079748198390007,-0.062082439661026,-1.5319855213165283
01:19:56.178,5003966,0.010660842061042786,-0.062140822410583496,-1.5320568084716797
01:19:56.275,5004064,0.010594060644507408,-0.06215424835681915,-1.5320076942443848
01:19:56.374,5004164,0.010481206700205803,-0.062158890068531036,-1.5320286750793457
01:19:56.477,5004266,0.010335450991988182,-0.062164582312107086,-1.5320136547088623
01:19:56.574,5004364,0.010251343250274658,-0.06216607242822647,-1.5319647789001465
01:19:56.679,5004469,0.010124601423740387,-0.062140919268131256,-1.5320048332214355
01:19:56.776,5004566,0.010074565187096596,-0.06208062916994095,-1.5320125818252563
01:19:56.872,5004664,0.009998656809329987,-0.062054604291915894,-1.5320106744766235
01:19:56.975,5004764,0.009925071150064468,-0.06205496937036514,-1.532048225402832
01:19:57.072,5004864,0.009892238304018974,-0.06213585287332535,-1.5320706367492676
01:19:57.174,5004964,0.009806744754314423,-0.06217769533395767,-1.5320624113082886
01:19:57.271,5005064,0.009761281311511993,-0.06217620521783829,-1.5320948362350464
01:19:57.373,5005166,0.009662188589572906,-0.06221950799226761,-1.5321226119995117
01:19:57.470,5005264,0.009638451039791107,-0.06218678504228592,-1.5321621894836426
01:19:57.569,5005364,0.009667731821537018,-0.062181197106838226,-1.5322157144546509
01:19:57.669,5005464,0.009727155789732933,-0.06213699281215668,-1.5322399139404297
01:19:57.769,5005564,0.009857550263404846,-0.06207793205976486,-1.5322566032409668
01:19:57.871,5005666,0.00994873046875,-0.06207814812660217,-1.5322877168655396
01:19:58.070,5005864,0.010029671713709831,-0.061869919300079346,-1.5322697162628174
01:19:58.170,5005966,0.010042207315564156,-0.061728574335575104,-1.5322811603546143
01:19:58.267,5006064,0.010033773258328438,-0.06168021261692047,-1.532311201095581
01:19:58.369,5006166,0.010038860142230988,-0.06168922036886215,-1.5323638916015625
01:19:58.468,5006266,0.010124458000063896,-0.0616348460316658,-1.5323482751846313
01:19:58.565,5006364,0.0101400725543499,-0.06167140603065491,-1.532321810722351
01:19:58.665,5006464,0.010236866772174835,-0.061654023826122284,-1.5323774814605713
01:19:58.764,5006564,0.010333212092518806,-0.0617230162024498,-1.5323752164840698
01:19:58.864,5006664,0.01045532152056694,-0.061715126037597656,-1.5323960781097412
01:19:58.967,5006764,0.010569661855697632,-0.061697475612163544,-1.5324517488479614
01:19:59.063,5006864,0.01064971648156643,-0.061685577034950256,-1.5323935747146606
01:19:59.165,5006966,0.010865038260817528,-0.06166927516460419,-1.5323750972747803
01:19:59.262,5007064,0.010878918692469597,-0.06171724945306778,-1.5324203968048096
01:19:59.362,5007164,0.010996056720614433,-0.06173893064260483,-1.5324110984802246
01:19:59.464,5007266,0.011039339005947113,-0.061767578125,-1.5324091911315918
01:19:59.561,5007364,0.011118296533823013,-0.06176689267158508,-1.5324331521987915
01:19:59.661,5007464,0.011205952614545822,-0.06178223341703415,-1.5324057340621948
01:19:59.761,5007564,0.011280853301286697,-0.0618293434381485,-1.5323278903961182
01:19:59.861,5007664,0.011349556967616081,-0.061860427260398865,-1.5324078798294067
01:19:59.965,5007766,0.011239223182201385,-0.06187929958105087,-1.5323740243911743
01:20:00.062,5007867,0.011232482269406319,-0.06189862638711929,-1.5323623418807983
01:20:00.159,5007964,0.011038416996598244,-0.06191913038492203,-1.53238844871521
01:20:00.258,5008064,0.01092371717095375,-0.06192689388990402,-1.5323536396026611
01:20:00.361,5008166,0.010791359469294548,-0.06189504265785217,-1.5322966575622559
01:20:00.458,5008264,0.01072729006409645,-0.06189538538455963,-1.5322761535644531
01:20:00.557,5008364,0.010753802955150604,-0.06182447820901871,-1.5322288274765015
01:20:00.659,5008466,0.010737325996160507,-0.06186386197805405,-1.532183289527893
01:20:00.757,5008564,0.010802201926708221,-0.06183754652738571,-1.5322051048278809
01:20:00.856,5008664,0.010810043662786484,-0.06188587844371796,-1.5322152376174927
01:20:00.958,5008764,0.010864883661270142,-0.061864957213401794,-1.532173752784729
01:20:01.055,5008864,0.01087619736790657,-0.061844199895858765,-1.5321917533874512
01:20:01.154,5008964,0.010954376310110092,-0.061862967908382416,-1.5321842432022095
01:20:01.254,5009064,0.010988954454660416,-0.06192249804735184,-1.5322182178497314
01:20:01.353,5009164,0.010993944481015205,-0.0618712455034256,-1.532203197479248
01:20:01.453,5009264,0.010903727263212204,-0.06184086948633194,-1.5321993827819824
01:20:01.553,5009364,0.010841581970453262,-0.06188390403985977,-1.5321688652038574
01:20:01.652,5009464,0.010756067931652069,-0.061924539506435394,-1.5321921110153198
01:20:01.752,5009564,0.010729705914855003,-0.06189626455307007,-1.5322182178497314
01:20:01.852,5009664,0.010691428557038307,-0.06183486431837082,-1.532180666923523
01:20:01.957,5009769,0.010609317570924759,-0.06181342154741287,-1.5322128534317017
01:20:02.053,5009866,0.010615425184369087,-0.0617683082818985,-1.5322390794754028
01:20:02.150,5009964,0.010524556040763855,-0.06171458959579468,-1.532235860824585
01:20:02.249,5010064,0.010534832254052162,-0.06166692078113556,-1.5322617292404175
01:20:02.349,5010164,0.010554647073149681,-0.06171972304582596,-1.532261848449707
01:20:02.448,5010264,0.010532325133681297,-0.06177899241447449,-1.5321975946426392
01:20:02.549,5010364,0.010599851608276367,-0.06173919886350632,-1.5322365760803223
01:20:02.648,5010464,0.010607885196805,-0.0617528110742569,-1.5322014093399048
01:20:02.747,5010564,0.010729152709245682,-0.061731815338134766,-1.5321836471557617
01:20:02.847,5010664,0.010732261463999748,-0.061749085783958435,-1.5322339534759521
01:20:02.949,5010766,0.01074918732047081,-0.061715610325336456,-1.5322390794754028
01:20:03.046,5010864,0.010751375928521156,-0.06172499805688858,-1.532208800315857
01:20:03.145,5010964,0.01068972609937191,-0.06179773062467575,-1.5322293043136597
01:20:03.248,5011066,0.010710611939430237,-0.06183681637048721,-1.5322439670562744
01:20:03.347,5011166,0.010694855824112892,-0.061815112829208374,-1.5322436094284058
01:20:03.444,5011264,0.010764200240373611,-0.0618184357881546,-1.5322710275650024
01:20:03.544,5011364,0.010732213035225868,-0.06182362139225006,-1.5322272777557373
01:20:03.648,5011469,0.010729102417826653,-0.06185431033372879,-1.5322386026382446
01:20:03.743,5011564,0.010683964937925339,-0.06187274307012558,-1.5322654247283936
01:20:03.842,5011664,0.010730927810072899,-0.061840809881687164,-1.5322868824005127
01:20:03.947,5011764,0.010756926611065865,-0.06184116750955582,-1.5322799682617188
01:20:04.041,5011864,0.010744085535407066,-0.06180914491415024,-1.5323013067245483
01:20:04.144,5011966,0.010763918980956078,-0.06172971427440643,-1.5323281288146973
01:20:04.240,5012064,0.010768108069896698,-0.061656415462493896,-1.5323235988616943
01:20:04.341,5012164,0.010800627991557121,-0.06158342957496643,-1.5323759317398071
01:20:04.442,5012266,0.010780999436974525,-0.06156815588474274,-1.5323834419250488
01:20:04.539,5012364,0.010717503726482391,-0.06150989979505539,-1.532383918762207
01:20:04.641,5012466,0.010659513995051384,-0.06147042661905289,-1.5323833227157593
01:20:04.738,5012564,0.01057390309870243,-0.0614137127995491,-1.532356858253479
01:20:04.838,5012664,0.01055195927619934,-0.0613691508769989,-1.5323328971862793
01:20:04.943,5012764,0.010495413094758987,-0.061325617134571075,-1.5323315858840942
01:20:05.040,5012866,0.010523954406380653,-0.0612962543964386,-1.5323445796966553
01:20:05.139,5012966,0.010542549192905426,-0.061351269483566284,-1.5322988033294678
01:20:05.236,5013064,0.010531395673751831,-0.06125979125499725,-1.5323009490966797
01:20:05.338,5013166,0.010539630427956581,-0.06113678216934204,-1.5323102474212646
01:20:05.438,5013267,0.01049216277897358,-0.06105805188417435,-1.532285213470459
01:20:05.534,5013364,0.010510636493563652,-0.06089615821838379,-1.5322265625
01:20:05.634,5013464,0.01050468347966671,-0.0607500895857811,-1.5322093963623047
01:20:05.733,5013564,0.010517226532101631,-0.060661084949970245,-1.5322307348251343
01:20:05.833,5013664,0.010529564693570137,-0.06070590764284134,-1.532212495803833
01:20:05.938,5013764,0.010556457564234734,-0.06081435829401016,-1.5320240259170532
01:20:06.033,5013864,0.010524531826376915,-0.06093224883079529,-1.5319535732269287
01:20:06.132,5013964,0.010421287268400192,-0.06089665740728378,-1.531982183456421
01:20:06.231,5014064,0.010468140244483948,-0.06062357872724533,-1.5320066213607788
01:20:06.333,5014166,0.01052701473236084,-0.060927778482437134,-1.531825065612793
01:20:06.430,5014264,0.01049976609647274,-0.06125771254301071,-1.5318915843963623
01:20:06.532,5014366,0.010637398809194565,-0.06088320165872574,-1.5320472717285156
01:20:06.632,5014466,0.010441619902849197,-0.060746341943740845,-1.5321341753005981
01:20:06.729,5014564,0.01076345331966877,-0.061183616518974304,-1.5323103666305542
01:20:06.828,5014664,0.01077076606452465,-0.06131971627473831,-1.532051920890808
01:20:06.933,5014769,0.01096349023282528,-0.06071872264146805,-1.5321966409683228
